somatic	MYC	VF	VF_Normal	Fisher	Chr	Start	End	Ref	Alt	Func.refGene	Gene.refGene	ExonicFunc.refGene	AAChange.refGene	cosmic97(haematopoietic_and_lymphoid_tissue)	CLNDN	CLNSIG	ToMMo.2020.08	gnomAD_exome_ALL	FORMAT	TUMOR	NORMAL	mutID	nanya_sig	AML2022	MPN2018	DLBCL_2018	Shizuoka_cancercenter	jsh_germline	別名	disposition	強度	機能	備考	参考文献	acmg	Gene MIM	Disease/Phentyope	Disorder MIM	Phenotype Category	Inheritance	SF List Version	Variants to report	disease_rest5	disease_type5	number5	disease_type4	number4	disease_type3	number3	disease_type2	number2	disease_type1	number1	cosmic98_HemNum	cosmic98_PMID	jsh_trunc
all	4	0.518	0	12.116	1	55523798	55523798	A	G	exonic	PCSK9	nonsynonymous SNV	PCSK9:NM_174936:exon8:c.A1270G:p.I424V	NA	Familial_hypercholesterolemia|Hypercholesterolemia,_autosomal_dominant,_3|Hypobetalipoproteinemia	Benign/Likely_benign	0.0092	6.095e-05	GT:GQ:DP:AD:VF	0/1:99.9999999999:85:41,44:0.518	0/1:.:55:55,0:0.000	1_55523798_55523798_A_G	NA	NA	NA	NA	NA	NA	NA	NA	NA	NA	NA	NA	1	607786	Familial hypercholesterolemia	603776	Cardiovascular	AD	1	All P and LP	NA	NA	NA	NA	NA	NA	NA	NA	NA	NA	NA	NA	NA	NA
all	4	0.506	0	10.316	2	21231387	21231387	T	G	exonic	APOB	nonsynonymous SNV	APOB:NM_000384:exon26:c.A8353C:p.N2785H	2	Familial_hypercholesterolemia|Hypercholesterolemia,_familial,_1|Hypercholesterolemia,_autosomal_dominant,_type_B|Familial_hypobetalipoproteinemia_1|not_specified|Cardiovascular_phenotype|not_provided	Conflicting_interpretations_of_pathogenicity	0.0816	0.0088	GT:GQ:DP:AD:VF	0/1:99.9999999952:85:42,43:0.506	0/1:.:46:46,0:0.000	2_21231387_21231387_T_G	NA	NA	NA	NA	NA	NA	NA	NA	NA	NA	NA	NA	1	107730	Familial hypercholesterolemia	144010	Cardiovascular	AD	1	All P and LP	NA	NA	NA	NA	NA	NA	NA	NA	NA	NA	NA	2	NA	NA
all	4	0.35	0	10.619	2	21266775	21266775	GCAGCGCCA	-	exonic	APOB	nonframeshift deletion	APOB:NM_000384:exon1:c.35_43del:p.12_15del	NA	Familial_hypercholesterolemia|Hypercholesterolemia,_familial,_1|Hypercholesterolemia,_autosomal_dominant,_type_B|Familial_hypobetalipoproteinemia_1|not_specified|Cardiovascular_phenotype|not_provided	Benign/Likely_benign	.	0.1220	GT:GQ:DP:AD:VF	0/1:99.9999999976:120:78,42:0.350	0/1:.:79:79,0:0.000	2_21266775_21266775_GCAGCGCCA_-	NA	NA	NA	NA	NA	NA	NA	NA	NA	NA	NA	NA	1	107730	Familial hypercholesterolemia	144010	Cardiovascular	AD	1	All P and LP	NA	NA	NA	NA	NA	NA	NA	NA	NA	NA	NA	NA	NA	NA
all	4	0.057	0	1.285	2	21266783	21266783	A	G	exonic	APOB	nonsynonymous SNV	APOB:NM_000384:exon1:c.T35C:p.L12P	NA	Hypercholesterolemia,_autosomal_dominant,_type_B|Familial_hypobetalipoproteinemia_1|not_provided	Uncertain_significance	0.0039	9.456e-05	GT:GQ:DP:AD:VF	0/1:94.8119996107:70:66,4:0.057	0/1:.:75:75,0:0.000	2_21266783_21266783_A_G	NA	NA	NA	NA	NA	NA	NA	NA	NA	NA	NA	NA	1	107730	Familial hypercholesterolemia	144010	Cardiovascular	AD	1	All P and LP	NA	NA	NA	NA	NA	NA	NA	NA	NA	NA	NA	NA	NA	NA
all	3	1	0	33.317	2	47601106	47601106	T	C	exonic	EPCAM	nonsynonymous SNV	EPCAM:NM_002354:exon3:c.T344C:p.M115T	NA	Lynch_syndrome_1|Congenital_diarrhea_5_with_tufting_enteropathy|Hereditary_cancer-predisposing_syndrome|Hereditary_nonpolyposis_colorectal_neoplasms|not_specified|not_provided	Benign	0.7616	0.5124	GT:GQ:DP:AD:VF	1/1:100.0:98:0,98:1.000	0/1:.:37:37,0:0.000	2_47601106_47601106_T_C	NA	NA	NA	NA	1	1	NA	Germline predisposition for myeloid neoplasms: mismatch repair deficiency	1	機能喪失	NA	NA	NA	NA	NA	NA	NA	NA	NA	NA	NA	NA	NA	NA	NA	NA	NA	NA	NA	NA	NA	NA	NA	1
all	4	0.564	0	11.522	2	179438575	179438575	C	T	exonic	TTN	nonsynonymous SNV	TTN:NM_003319:exon154:c.G45089A:p.R15030K,TTN:NM_133432:exon155:c.G45464A:p.R15155K,TTN:NM_133437:exon155:c.G45665A:p.R15222K,TTN:NM_133378:exon275:c.G64580A:p.R21527K,TTN:NM_001256850:exon276:c.G67361A:p.R22454K,TTN:NM_001267550:exon326:c.G72284A:p.R24095K	NA	.	.	.	.	GT:GQ:DP:AD:VF	0/1:99.9999999997:110:48,62:0.564	0/1:.:41:41,0:0.000	2_179438575_179438575_C_T	NA	NA	NA	NA	NA	NA	NA	NA	NA	NA	NA	NA	1	188840	Dilated cardiomyopathy (truncating variants only)	604145	Cardiovascular	AD	3	P and LP (truncating variants only)	NA	NA	NA	NA	NA	NA	NA	NA	NA	NA	NA	NA	NA	NA
all	4	0.392	0	5.889	2	179458351	179458351	A	T	exonic	TTN	nonsynonymous SNV	TTN:NM_003319:exon126:c.T31481A:p.L10494Q,TTN:NM_133432:exon127:c.T31856A:p.L10619Q,TTN:NM_133437:exon127:c.T32057A:p.L10686Q,TTN:NM_133378:exon247:c.T50972A:p.L16991Q,TTN:NM_001256850:exon248:c.T53753A:p.L17918Q,TTN:NM_001267550:exon298:c.T58676A:p.L19559Q	NA	Tibial_muscular_dystrophy|Myopathy,_myofibrillar,_9,_with_early_respiratory_failure|Dilated_cardiomyopathy_1G|Autosomal_recessive_limb-girdle_muscular_dystrophy_type_2J|Early-onset_myopathy_with_fatal_cardiomyopathy|not_specified	Benign/Likely_benign	0.0129	0.0002	GT:GQ:DP:AD:VF	0/1:99.9998708781:97:59,38:0.392	0/1:.:34:34,0:0.000	2_179458351_179458351_A_T	NA	NA	NA	NA	NA	NA	NA	NA	NA	NA	NA	NA	1	188840	Dilated cardiomyopathy (truncating variants only)	604145	Cardiovascular	AD	3	P and LP (truncating variants only)	NA	NA	NA	NA	NA	NA	NA	NA	NA	NA	NA	NA	NA	NA
all	4	0.581	0	9.321	2	179605005	179605005	C	T	exonic	TTN	nonsynonymous SNV	TTN:NM_003319:exon45:c.G11866A:p.A3956T,TTN:NM_001256850:exon46:c.G12004A:p.A4002T,TTN:NM_133432:exon46:c.G12241A:p.A4081T,TTN:NM_133437:exon46:c.G12442A:p.A4148T,TTN:NM_001267550:exon48:c.G12955A:p.A4319T	NA	Tibial_muscular_dystrophy|Myopathy,_myofibrillar,_9,_with_early_respiratory_failure|Dilated_cardiomyopathy_1G|Autosomal_recessive_limb-girdle_muscular_dystrophy_type_2J|Early-onset_myopathy_with_fatal_cardiomyopathy|not_specified|not_provided	Benign/Likely_benign	0.0129	0.0005	GT:GQ:DP:AD:VF	0/1:99.9999999522:93:39,54:0.581	0/1:.:31:31,0:0.000	2_179605005_179605005_C_T	NA	NA	NA	NA	NA	NA	NA	NA	NA	NA	NA	NA	1	188840	Dilated cardiomyopathy (truncating variants only)	604145	Cardiovascular	AD	3	P and LP (truncating variants only)	NA	NA	NA	NA	NA	NA	NA	NA	NA	NA	NA	NA	NA	NA
all	4	1	0	33.826	3	14174427	14174427	A	T	exonic	TMEM43	nonsynonymous SNV	TMEM43:NM_024334:exon6:c.A504T:p.K168N	1	Cardiomyopathy|Arrhythmogenic_right_ventricular_dysplasia_5|Emery-Dreifuss_muscular_dystrophy_7,_autosomal_dominant|not_specified|Cardiovascular_phenotype	Benign	0.331	0.3251	GT:GQ:DP:AD:VF	1/1:100.0:94:0,94:1.000	0/1:.:39:39,0:0.000	3_14174427_14174427_A_T	NA	NA	NA	NA	NA	NA	NA	NA	NA	NA	NA	NA	1	612048	Arrhythmogenic right ventricular cardiomyopathy	604400	Cardiovascular	AD	1	All P and LP	NA	NA	NA	NA	NA	NA	NA	NA	NA	NA	NA	1	NA	NA
all	4	0.562	0	14.101	6	7569480	7569480	A	T	exonic	DSP	nonsynonymous SNV	DSP:NM_001008844:exon12:c.A1481T:p.Y494F,DSP:NM_001319034:exon12:c.A1481T:p.Y494F,DSP:NM_004415:exon12:c.A1481T:p.Y494F	NA	Cardiomyopathy|Arrhythmogenic_cardiomyopathy_with_woolly_hair_and_keratoderma|Arrhythmogenic_right_ventricular_dysplasia_8|Skin_fragility-woolly_hair-palmoplantar_keratoderma_syndrome|Lethal_acantholytic_epidermolysis_bullosa|Keratosis_palmoplantaris_striata_2|Cardiomyopathy,_dilated,_with_woolly_hair,_keratoderma,_and_tooth_agenesis|not_specified|Cardiovascular_phenotype|not_provided	Benign/Likely_benign	0.0968	0.0134	GT:GQ:DP:AD:VF	0/1:100.0:105:46,59:0.562	0/1:.:55:55,0:0.000	6_7569480_7569480_A_T	NA	NA	NA	NA	NA	NA	NA	NA	NA	NA	NA	NA	1	125647	Arrhythmogenic right ventricular cardiomyopathy	607450	Cardiovascular	AD	1	All P and LP	NA	NA	NA	NA	NA	NA	NA	NA	NA	NA	NA	NA	NA	NA
all	4	0.562	0	14.101	6	7569480	7569480	A	T	exonic	DSP	nonsynonymous SNV	DSP:NM_001008844:exon12:c.A1481T:p.Y494F,DSP:NM_001319034:exon12:c.A1481T:p.Y494F,DSP:NM_004415:exon12:c.A1481T:p.Y494F	NA	Cardiomyopathy|Arrhythmogenic_cardiomyopathy_with_woolly_hair_and_keratoderma|Arrhythmogenic_right_ventricular_dysplasia_8|Skin_fragility-woolly_hair-palmoplantar_keratoderma_syndrome|Lethal_acantholytic_epidermolysis_bullosa|Keratosis_palmoplantaris_striata_2|Cardiomyopathy,_dilated,_with_woolly_hair,_keratoderma,_and_tooth_agenesis|not_specified|Cardiovascular_phenotype|not_provided	Benign/Likely_benign	0.0968	0.0134	GT:GQ:DP:AD:VF	0/1:100.0:105:46,59:0.562	0/1:.:55:55,0:0.000	6_7569480_7569480_A_T	NA	NA	NA	NA	NA	NA	NA	NA	NA	NA	NA	NA	1	125647	Dilated cardiomyopathy	615821	Cardiovascular	AD	1	All P and LP	NA	NA	NA	NA	NA	NA	NA	NA	NA	NA	NA	NA	NA	NA
all	4	0.573	0	13.16	6	26091179	26091179	C	G	exonic	HFE	nonsynonymous SNV	HFE:NM_000410:exon2:c.C187G:p.H63D,HFE:NM_001300749:exon2:c.C187G:p.H63D,HFE:NM_001384164:exon2:c.C187G:p.H63D,HFE:NM_139003:exon2:c.C187G:p.H63D,HFE:NM_139004:exon2:c.C187G:p.H63D,HFE:NM_139006:exon2:c.C187G:p.H63D,HFE:NM_139009:exon2:c.C118G:p.H40D	NA	See_cases|Cardiomyopathy|Alzheimer_disease|Abnormality_of_iron_homeostasis|Hereditary_hemochromatosis|Familial_porphyria_cutanea_tarda|Variegate_porphyria|Cystic_fibrosis|Microvascular_complications_of_diabetes,_susceptibility_to,_7|Hemochromatosis_type_1|Bronze_diabetes|Transferrin_serum_level_quantitative_trait_locus_2|not_specified|not_provided	Conflicting_interpretations_of_pathogenicity|other	0.0298	0.1095	GT:GQ:DP:AD:VF	0/1:100.0:103:44,59:0.573	0/1:.:47:47,0:0.000	6_26091179_26091179_C_G	NA	NA	NA	NA	NA	NA	NA	NA	NA	NA	NA	NA	1	613609	Hereditary hemochromatosis (c.845G>A; p.C282Y homozygotes only)	235200	Miscellaneous	AR	3	p.C282Y homozygotes only	NA	NA	NA	NA	NA	NA	NA	NA	NA	NA	NA	NA	NA	NA
all	4	0.571	0	9.28	6	123699019	123699019	A	C	exonic	TRDN	nonsynonymous SNV	TRDN:NM_001251987:exon17:c.T1214G:p.V405G,TRDN:NM_006073:exon17:c.T1211G:p.V404G	NA	Catecholaminergic_polymorphic_ventricular_tachycardia|not_specified|Cardiovascular_phenotype	Benign	0.0576	0.1535	GT:GQ:DP:AD:VF	0/1:99.9999999475:91:39,52:0.571	0/1:.:32:32,0:0.000	6_123699019_123699019_A_C	NA	NA	NA	NA	NA	NA	NA	NA	NA	NA	NA	NA	1	603283	Catecholaminergic polymorphic ventricular tachycardia	615441	Cardiovascular	AR	3	All P and LP	NA	NA	NA	NA	NA	NA	NA	NA	NA	NA	NA	NA	NA	NA
all	4	0.571	0	9.28	6	123699019	123699019	A	C	exonic	TRDN	nonsynonymous SNV	TRDN:NM_001251987:exon17:c.T1214G:p.V405G,TRDN:NM_006073:exon17:c.T1211G:p.V404G	NA	Catecholaminergic_polymorphic_ventricular_tachycardia|not_specified|Cardiovascular_phenotype	Benign	0.0576	0.1535	GT:GQ:DP:AD:VF	0/1:99.9999999475:91:39,52:0.571	0/1:.:32:32,0:0.000	6_123699019_123699019_A_C	NA	NA	NA	NA	NA	NA	NA	NA	NA	NA	NA	NA	1	603283	Long QT syndrome	n/a	Cardiovascular	AR	3	All P and LP	NA	NA	NA	NA	NA	NA	NA	NA	NA	NA	NA	NA	NA	NA
all	3	0.429	0	10.724	7	6026942	6026942	G	T	exonic	PMS2	nonsynonymous SNV	PMS2:NM_001322008:exon9:c.C1136A:p.T379K,PMS2:NM_001322010:exon9:c.C893A:p.T298K,PMS2:NM_001322004:exon10:c.C1049A:p.T350K,PMS2:NM_001322006:exon10:c.C1298A:p.T433K,PMS2:NM_001322007:exon10:c.C1136A:p.T379K,PMS2:NM_001322013:exon10:c.C881A:p.T294K,PMS2:NM_000535:exon11:c.C1454A:p.T485K,PMS2:NM_001322003:exon11:c.C1049A:p.T350K,PMS2:NM_001322005:exon11:c.C1049A:p.T350K,PMS2:NM_001322009:exon11:c.C1049A:p.T350K,PMS2:NM_001322011:exon11:c.C521A:p.T174K,PMS2:NM_001322012:exon11:c.C521A:p.T174K,PMS2:NM_001322014:exon11:c.C1454A:p.T485K,PMS2:NM_001322015:exon11:c.C1145A:p.T382K	2	Endometrial_carcinoma|Lynch_syndrome|Colorectal_cancer,_hereditary_nonpolyposis,_type_4|Hereditary_cancer-predisposing_syndrome|Hereditary_nonpolyposis_colorectal_neoplasms|not_specified|not_provided	Benign	0.3774	0.0797	GT:GQ:DP:AD:VF	0/1:99.9999999981:98:56,42:0.429	0/1:.:62:62,0:0.000	7_6026942_6026942_G_T	NA	NA	NA	NA	1	1	NA	Germline predisposition for myeloid neoplasms: mismatch repair deficiency	1	機能喪失	NA	NA	1	600259	Lynch syndrome	614337	Cancer	AD	1	All P and LP	NA	NA	NA	NA	NA	NA	NA	NA	NA	NA	NA	2	NA	1
all	2	0.061	0	0.863	7	151573612	151573612	A	C	exonic	PRKAG2	nonsynonymous SNV	PRKAG2:NM_016203:exon1:c.T94G:p.S32A	NA	.	.	.	.	GT:GQ:DP:AD:VF	0/1:86.2911823384:66:62,4:0.061	0/1:.:48:48,0:0.000	7_151573612_151573612_A_C	NA	NA	NA	NA	NA	NA	NA	NA	NA	NA	NA	NA	1	602743	Hypertrophic cardiomyopathy	600858	Cardiovascular
1	Metabolic	AD	1	All P and LP	NA	NA	NA	NA	NA	NA	NA	NA	NA	NA	NA	NA	NA	NA
all	3	0.44	0	7.544	10	27322303	27322303	C	G	exonic	ANKRD26	nonsynonymous SNV	ANKRD26:NM_001256053:exon25:c.G3655C:p.V1219L,ANKRD26:NM_014915:exon25:c.G3658C:p.V1220L	NA	Thrombocytopenia_2|not_specified|not_provided	Benign	0.2561	0.0359	GT:GQ:DP:AD:VF	0/1:99.9999971424:109:61,48:0.440	0/1:.:37:37,0:0.000	10_27322303_27322303_C_G	NA	NA	NA	NA	NA	1	NA	Myeloid neoplasms with germline ANKRD26 mutation	1	機能獲得	NA	NA	NA	NA	NA	NA	NA	NA	NA	NA	NA	NA	NA	NA	NA	NA	NA	NA	NA	NA	NA	NA	NA	1
all	4	0.478	0	7.735	10	27342286	27342286	TCT	-	exonic	ANKRD26	nonframeshift deletion	ANKRD26:NM_001256053:exon16:c.1596_1598del:p.532_533del,ANKRD26:NM_014915:exon16:c.1596_1598del:p.532_533del	NA	Thrombocytopenia|Thrombocytopenia_2|not_specified|not_provided	Benign/Likely_benign	.	0.0364	GT:GQ:DP:AD:VF	0/1:99.9999981592:113:59,54:0.478	0/1:.:34:34,0:0.000	10_27342286_27342286_TCT_-	NA	NA	NA	NA	NA	1	NA	Myeloid neoplasms with germline ANKRD26 mutation	1	機能獲得	NA	NA	NA	NA	NA	NA	NA	NA	NA	NA	NA	NA	NA	NA	NA	NA	NA	NA	NA	NA	NA	NA	NA	1
all	4	0.489	0	7.98	10	27353007	27353007	T	C	exonic	ANKRD26	nonsynonymous SNV	ANKRD26:NM_001256053:exon12:c.A1273G:p.I425V,ANKRD26:NM_014915:exon12:c.A1273G:p.I425V	2	Thrombocytopenia_2|not_specified|not_provided	Benign	0.0962	0.0362	GT:GQ:DP:AD:VF	0/1:99.9999989529:90:46,44:0.489	0/1:.:36:36,0:0.000	10_27353007_27353007_T_C	NA	NA	NA	NA	NA	1	NA	Myeloid neoplasms with germline ANKRD26 mutation	1	機能獲得	NA	NA	NA	NA	NA	NA	NA	NA	NA	NA	NA	NA	NA	NA	NA	NA	NA	NA	NA	NA	NA	2	NA	1
all	4	0.084	0	1.316	13	48878061	48878061	A	C	exonic	RB1	nonsynonymous SNV	RB1:NM_000321:exon1:c.A13C:p.T5P	NA	Retinoblastoma	Uncertain_significance	0.0004	.	GT:GQ:DP:AD:VF	0/1:95.1694119796:83:76,7:0.084	0/1:.:47:47,0:0.000	13_48878061_48878061_A_C	NA	NA	NA	NA	1	NA	NA	NA	NA	NA	NA	NA	1	614041	Retinoblastoma	180200	Cancer	AD	1	All P and LP	NA	NA	NA	NA	NA	NA	NA	NA	NA	NA	NA	NA	NA	1
all	4	0.417	0	7.798	15	48779530	48779530	G	C	exonic	FBN1	nonsynonymous SNV	FBN1:NM_000138:exon28:c.C3442G:p.P1148A	2	FNB1_POLYMORPHISM|Geleophysic_dysplasia|Connective_tissue_disorder|Acromicric_dysplasia|Ectopia_lentis_1,_isolated,_autosomal_dominant|Marfan_syndrome|Stiff_skin_syndrome|Weill-Marchesani_syndrome|Familial_thoracic_aortic_aneurysm_and_aortic_dissection|not_specified|not_provided	Benign	0.2825	0.0311	GT:GQ:DP:AD:VF	0/1:99.9999984078:103:60,43:0.417	0/1:.:42:42,0:0.000	15_48779530_48779530_G_C	NA	NA	NA	NA	NA	NA	NA	NA	NA	NA	NA	NA	1	134797	Marfan syndrome	154700	Cardiovascular	AD	1	All P and LP	NA	NA	NA	NA	NA	NA	NA	NA	NA	NA	NA	2	NA	NA
all	2	0.045	0	1.126	15	63335966	63335966	G	T	exonic	TPM1	nonsynonymous SNV	TPM1:NM_001018007:exon2:c.G176T:p.R59L,TPM1:NM_001018020:exon2:c.G176T:p.R59L,TPM1:NM_001301244:exon2:c.G176T:p.R59L,TPM1:NM_001365778:exon2:c.G176T:p.R59L	NA	.	.	.	.	GT:GQ:DP:AD:VF	0/1:92.5183049949:110:105,5:0.045	0/1:.:80:80,0:0.000	15_63335966_63335966_G_T	NA	NA	NA	NA	NA	NA	NA	NA	NA	NA	NA	NA	1	191010	Hypertrophic cardiomyopathy	115196	Cardiovascular	AD	1	All P and LP	NA	NA	NA	NA	NA	NA	NA	NA	NA	NA	NA	NA	NA	NA
all	2	0.123	0	1.673	16	2129384	2129384	T	G	exonic	TSC2	stopgain	TSC2:NM_001318831:exon24:c.T2507G:p.L836X,TSC2:NM_001318827:exon26:c.T2999G:p.L1000X,TSC2:NM_001318829:exon26:c.T2963G:p.L988X,TSC2:NM_001077183:exon27:c.T3107G:p.L1036X,TSC2:NM_001318832:exon27:c.T3140G:p.L1047X,TSC2:NM_001363528:exon27:c.T3110G:p.L1037X,TSC2:NM_001370404:exon27:c.T3107G:p.L1036X,TSC2:NM_001370405:exon27:c.T3110G:p.L1037X,TSC2:NM_021055:exon27:c.T3110G:p.L1037X,TSC2:NM_000548:exon28:c.T3239G:p.L1080X,TSC2:NM_001114382:exon28:c.T3239G:p.L1080X	NA	.	.	.	.	GT:GQ:DP:AD:VF	0/1:97.876755538:65:57,8:0.123	0/1:.:42:42,0:0.000	16_2129384_2129384_T_G	NA	NA	NA	NA	1	NA	NA	NA	NA	NA	NA	NA	1	191092	Tuberous sclerosis complex	613254	Cancer	AD	1	All P and LP	NA	NA	NA	NA	NA	NA	NA	NA	NA	NA	NA	NA	NA	NA
all	2	0.038	0	0.857	16	2133728	2133728	G	T	exonic	TSC2	nonsynonymous SNV	TSC2:NM_001318831:exon29:c.G3184T:p.G1062C,TSC2:NM_001318827:exon30:c.G3607T:p.G1203C,TSC2:NM_001318829:exon30:c.G3571T:p.G1191C,TSC2:NM_001077183:exon31:c.G3715T:p.G1239C,TSC2:NM_001318832:exon31:c.G3748T:p.G1250C,TSC2:NM_001363528:exon31:c.G3718T:p.G1240C,TSC2:NM_001114382:exon32:c.G3847T:p.G1283C,TSC2:NM_001370404:exon32:c.G3784T:p.G1262C,TSC2:NM_001370405:exon32:c.G3787T:p.G1263C,TSC2:NM_021055:exon32:c.G3787T:p.G1263C,TSC2:NM_000548:exon33:c.G3916T:p.G1306C	NA	.	.	.	.	GT:GQ:DP:AD:VF	0/1:86.1004736879:104:100,4:0.038	0/1:.:76:76,0:0.000	16_2133728_2133728_G_T	NA	NA	NA	NA	1	NA	NA	NA	NA	NA	NA	NA	1	191092	Tuberous sclerosis complex	613254	Cancer	AD	1	All P and LP	NA	NA	NA	NA	NA	NA	NA	NA	NA	NA	NA	NA	NA	NA
all	3	1	0	39.303	17	7579472	7579472	G	C	exonic	TP53	nonsynonymous SNV	TP53:NM_001126118:exon3:c.C98G:p.P33R,TP53:NM_000546:exon4:c.C215G:p.P72R,TP53:NM_001126112:exon4:c.C215G:p.P72R,TP53:NM_001126113:exon4:c.C215G:p.P72R,TP53:NM_001126114:exon4:c.C215G:p.P72R,TP53:NM_001276695:exon4:c.C98G:p.P33R,TP53:NM_001276696:exon4:c.C98G:p.P33R,TP53:NM_001276760:exon4:c.C98G:p.P33R,TP53:NM_001276761:exon4:c.C98G:p.P33R	NA	CODON_72_POLYMORPHISM|Li-Fraumeni_syndrome_1|Hepatocellular_carcinoma|Choroid_plexus_papilloma|Bone_osteosarcoma|Hereditary_breast_ovarian_cancer_syndrome|Carcinoma_of_pancreas|Colorectal_cancer|Adrenocortical_carcinoma,_hereditary|Basal_cell_carcinoma,_susceptibility_to,_7|Hereditary_cancer-predisposing_syndrome|Nasopharyngeal_carcinoma|Familial_cancer_of_breast|Li-Fraumeni_syndrome|Lip_and_oral_cavity_carcinoma|Glioma_susceptibility_1|Bone_marrow_failure_syndrome_5|not_specified|not_provided	Benign	0.6448	0.6686	GT:GQ:DP:AD:VF	1/1:100.0:97:0,97:1.000	0/1:.:49:49,0:0.000	17_7579472_7579472_G_C	NA	NA	NA	NA	1	1	NA	Germline predisposition for myeloid neoplasms: Li-Fraumeni syndrome	1	機能喪失、機能獲得（変異：R175H, G245S, R248Q, R248W, R273Hなど）	NA	NA	1	191170	Li-Fraumeni syndrome	151623	Cancer	AD	1	All P and LP	NA	NA	NA	NA	NA	NA	NA	NA	NA	NA	NA	NA	NA	1
all	3	0.466	0	10.68	17	41223094	41223094	T	C	exonic	BRCA1	nonsynonymous SNV	BRCA1:NM_007297:exon14:c.A4696G:p.S1566G,BRCA1:NM_007298:exon14:c.A1525G:p.S509G,BRCA1:NM_007294:exon15:c.A4837G:p.S1613G,BRCA1:NM_007299:exon15:c.A1525G:p.S509G,BRCA1:NM_007300:exon16:c.A4900G:p.S1634G	3	Breast_carcinoma|Hereditary_breast_ovarian_cancer_syndrome|Malignant_tumor_of_breast|Breast-ovarian_cancer,_familial,_susceptibility_to,_1|Pancreatic_cancer,_susceptibility_to,_4|Hereditary_cancer-predisposing_syndrome|Familial_cancer_of_breast|Fanconi_anemia,_complementation_group_S|not_specified|not_provided	Benign	0.328	0.3546	GT:GQ:DP:AD:VF	0/1:99.9999999979:116:62,54:0.466	0/1:.:51:51,0:0.000	17_41223094_41223094_T_C	NA	NA	NA	NA	1	1	FANCS	Germline predisposition for myeloid neoplasms	1	機能喪失	NA	NA	1	113705	Hereditary breast and ovarian cancer	604370	Cancer	AD	1	All P and LP	NA	NA	NA	NA	NA	NA	NA	NA	NA	NA	NA	3	NA	1
all	4	0.425	0	7.072	17	41244000	41244000	T	C	exonic	BRCA1	nonsynonymous SNV	BRCA1:NM_007297:exon9:c.A3407G:p.K1136R,BRCA1:NM_007294:exon10:c.A3548G:p.K1183R,BRCA1:NM_007300:exon10:c.A3548G:p.K1183R	3	Breast_carcinoma|Hereditary_breast_ovarian_cancer_syndrome|Breast-ovarian_cancer,_familial,_susceptibility_to,_1|Pancreatic_cancer,_susceptibility_to,_4|Hereditary_cancer-predisposing_syndrome|Familial_cancer_of_breast|Fanconi_anemia,_complementation_group_S|not_specified|not_provided	Benign	0.3277	0.3534	GT:GQ:DP:AD:VF	0/1:99.9999915277:120:69,51:0.425	0/1:.:35:35,0:0.000	17_41244000_41244000_T_C	NA	NA	NA	NA	1	1	FANCS	Germline predisposition for myeloid neoplasms	1	機能喪失	NA	NA	1	113705	Hereditary breast and ovarian cancer	604370	Cancer	AD	1	All P and LP	NA	NA	NA	NA	NA	NA	NA	NA	NA	NA	NA	3	NA	1
all	4	0.559	0	12.145	17	41244435	41244435	T	C	exonic	BRCA1	nonsynonymous SNV	BRCA1:NM_007297:exon9:c.A2972G:p.E991G,BRCA1:NM_007294:exon10:c.A3113G:p.E1038G,BRCA1:NM_007300:exon10:c.A3113G:p.E1038G	3	Breast_carcinoma|Hereditary_breast_ovarian_cancer_syndrome|Malignant_tumor_of_breast|Breast-ovarian_cancer,_familial,_susceptibility_to,_1|Pancreatic_cancer,_susceptibility_to,_4|Hereditary_cancer-predisposing_syndrome|Familial_cancer_of_breast|Fanconi_anemia,_complementation_group_S|not_specified|not_provided	Benign	0.3276	0.3490	GT:GQ:DP:AD:VF	0/1:99.9999999999:111:49,62:0.559	0/1:.:45:45,0:0.000	17_41244435_41244435_T_C	NA	NA	NA	NA	1	1	FANCS	Germline predisposition for myeloid neoplasms	1	機能喪失	NA	NA	1	113705	Hereditary breast and ovarian cancer	604370	Cancer	AD	1	All P and LP	NA	NA	NA	NA	NA	NA	NA	NA	NA	NA	NA	3	NA	1
all	4	0.559	0	10.404	17	41244936	41244936	G	A	exonic	BRCA1	nonsynonymous SNV	BRCA1:NM_007297:exon9:c.C2471T:p.P824L,BRCA1:NM_007294:exon10:c.C2612T:p.P871L,BRCA1:NM_007300:exon10:c.C2612T:p.P871L	3	Breast_carcinoma|Hereditary_breast_ovarian_cancer_syndrome|Breast-ovarian_cancer,_familial,_susceptibility_to,_1|Pancreatic_cancer,_susceptibility_to,_4|Hereditary_cancer-predisposing_syndrome|Familial_cancer_of_breast|Fanconi_anemia,_complementation_group_S|not_specified|not_provided	Benign	0.3276	0.4032	GT:GQ:DP:AD:VF	0/1:99.9999999961:118:52,66:0.559	0/1:.:36:36,0:0.000	17_41244936_41244936_G_A	NA	NA	NA	NA	1	1	FANCS	Germline predisposition for myeloid neoplasms	1	機能喪失	NA	NA	1	113705	Hereditary breast and ovarian cancer	604370	Cancer	AD	1	All P and LP	NA	NA	NA	NA	NA	NA	NA	NA	NA	NA	NA	3	NA	1
all	4	0.576	0	10.748	18	28649042	28649042	T	C	exonic	DSC2	nonsynonymous SNV	DSC2:NM_004949:exon15:c.A2326G:p.I776V,DSC2:NM_024422:exon15:c.A2326G:p.I776V	1	Cardiomyopathy|Arrhythmogenic_right_ventricular_dysplasia_11|not_specified|Cardiovascular_phenotype|not_provided	Benign	0.0897	0.1148	GT:GQ:DP:AD:VF	0/1:99.9999999982:92:39,53:0.576	0/1:.:38:38,0:0.000	18_28649042_28649042_T_C	NA	NA	NA	NA	NA	NA	NA	NA	NA	NA	NA	NA	1	125645	Arrhythmogenic right ventricular cardiomyopathy	610476	Cardiovascular	AD	1	All P and LP	NA	NA	NA	NA	NA	NA	NA	NA	NA	NA	NA	1	NA	NA
all	2	0.036	0	1.044	19	33792645	33792645	T	G	exonic	CEBPA	nonsynonymous SNV	CEBPA:NM_001285829:exon1:c.A319C:p.T107P,CEBPA:NM_001287424:exon1:c.A781C:p.T261P,CEBPA:NM_001287435:exon1:c.A634C:p.T212P,CEBPA:NM_004364:exon1:c.A676C:p.T226P	NA	.	.	.	.	GT:GQ:DP:AD:VF	0/1:90.9635052628:84:81,3:0.036	0/1:.:102:102,0:0.000	19_33792645_33792645_T_G	NA	NA	NA	NA	1	1	NA	AML with germline CEBPA mutation	1	機能喪失	NA	NA	NA	NA	NA	NA	NA	NA	NA	NA	NA	NA	NA	NA	NA	NA	NA	NA	NA	NA	NA	NA	NA	1
all	2	0.118	0	1.098	19	39016006	39016006	A	C	exonic	RYR1	nonsynonymous SNV	RYR1:NM_001042723:exon70:c.A10475C:p.K3492T,RYR1:NM_000540:exon71:c.A10490C:p.K3497T	NA	.	.	.	.	GT:GQ:DP:AD:VF	0/1:92.0200531273:51:45,6:0.118	0/1:.:30:30,0:0.000	19_39016006_39016006_A_C	NA	NA	NA	NA	NA	NA	NA	NA	NA	NA	NA	NA	1	180901	Malignant hyperthermia	145600	Miscellaneous	AD	1	All P and LP	NA	NA	NA	NA	NA	NA	NA	NA	NA	NA	NA	NA	NA	NA
all	4	0.059	0	0.983	19	55666174	55666174	G	T	exonic	TNNI3	unknown	UNKNOWN	NA	Cardiomyopathy	Uncertain_significance	.	.	GT:GQ:DP:AD:VF	0/1:89.6007983417:119:112,7:0.059	0/1:.:51:51,0:0.000	19_55666174_55666174_G_T	NA	NA	NA	NA	NA	NA	NA	NA	NA	NA	NA	NA	1	191044	Hypertrophic cardiomyopathy	613690	Cardiovascular	AD	1	All P and LP	NA	NA	NA	NA	NA	NA	NA	NA	NA	NA	NA	NA	NA	NA
all	2	0.119	0	1.033	21	36164479	36164479	T	G	exonic	RUNX1	nonsynonymous SNV	RUNX1:NM_001001890:exon6:c.A1315C:p.M439L,RUNX1:NM_001754:exon9:c.A1396C:p.M466L	NA	.	.	.	.	GT:GQ:DP:AD:VF	0/1:90.7317017662:59:52,7:0.119	0/1:.:27:27,0:0.000	21_36164479_36164479_T_G	NA	NA	NA	NA	1	1	AML1	Myeloid neoplasms with germ line RUNX1 mutation	1	機能喪失	NA	NA	NA	NA	NA	NA	NA	NA	NA	NA	NA	NA	NA	NA	NA	NA	NA	NA	NA	NA	NA	NA	NA	1
