merged_flag	somatic	MYC	VF	VF_Normal	Fisher	Chr	Start	End	Ref	Alt	Func.refGene	Gene.refGene	ExonicFunc.refGene	AAChange.refGene	cosmic97(haematopoietic_and_lymphoid_tissue)	CLNDN	CLNSIG	ToMMo.2020.08	gnomAD_exome_ALL	FORMAT	TUMOR	NORMAL	mutID	nanya_sig	AML2022	MPN2018	DLBCL_2018	Shizuoka_cancercenter	jsh_germline	別名	disposition	強度	機能	備考	参考文献	acmg	Gene MIM	Disease/Phentyope	Disorder MIM	Phenotype Category	Inheritance	SF List Version	Variants to report	disease_rest5	disease_type5	number5	disease_type4	number4	disease_type3	number3	disease_type2	number2	disease_type1	number1	cosmic98_HemNum	cosmic98_PMID	jsh_trunc
leaked, tumor:46/131(0.351), normal:9/38(0.23677979479084452)	all	4	0.351	0	3.859	1	12907496	12907496	T	C	exonic	HNRNPCL1	nonsynonymous SNV	HNRNPCL1:NM_001013631:exon2:c.A647G:p.K216R	7	.	.	0.1918	0.0501	GT:GQ:DP:AD:VF	0/1:99.9861643362:131:85,46:0.351	0/1:.:24:24,0:0.000	1_12907496_12907496_T_C	NA	NA	NA	NA	NA	NA	NA	NA	NA	NA	NA	NA	NA	NA	NA	NA	NA	NA	NA	NA	NA	NA	NA	NA	NA	NA	NA	NA	NA	 T_cell_prolymphocytic_leukaemia	5	7	24825865:NA	NA
leaked, tumor:43/125(0.344), normal:8/36(0.22216051096917525)	all	4	0.344	0	3.551	1	12907508	12907508	T	C	exonic	HNRNPCL1	nonsynonymous SNV	HNRNPCL1:NM_001013631:exon2:c.A635G:p.E212G	12	.	.	0.1916	0.1059	GT:GQ:DP:AD:VF	0/1:99.9718809917:125:82,43:0.344	0/1:.:22:22,0:0.000	1_12907508_12907508_T_C	NA	NA	NA	NA	NA	NA	NA	NA	NA	NA	NA	NA	NA	NA	NA	NA	NA	NA	NA	NA	NA	NA	NA	NA	NA	NA	NA	NA	NA	 T_cell_prolymphocytic_leukaemia	11	12	24825865:NA	NA
leaked, tumor:46/131(0.351), normal:11/43(0.2557544757033248)	all	4	0.351	0	4.953	1	12907533	12907533	T	C	exonic	HNRNPCL1	nonsynonymous SNV	HNRNPCL1:NM_001013631:exon2:c.A610G:p.I204V	9	.	.	0.1918	0.0532	GT:GQ:DP:AD:VF	0/1:99.9988857055:131:85,46:0.351	0/1:.:31:31,0:0.000	1_12907533_12907533_T_C	NA	NA	NA	NA	NA	NA	NA	NA	NA	NA	NA	NA	NA	NA	NA	NA	NA	NA	NA	NA	NA	NA	NA	NA	NA	NA	NA	NA	NA	 T_cell_prolymphocytic_leukaemia	5	9	24825865:NA	NA
leaked, tumor:4/24(0.167), normal:2/16(0.12492192379762647)	all	4	0.167	0	0.891	3	195507756	195507756	C	G	exonic	MUC4	nonsynonymous SNV	MUC4:NM_018406:exon2:c.G10695C:p.Q3565H	28	.	.	0.0029	.	GT:GQ:DP:AD:VF	0/1:87.1471334006:24:20,4:0.167	0/1:.:17:17,0:0.000	3_195507756_195507756_C_G	NA	NA	NA	NA	NA	NA	NA	NA	NA	NA	NA	NA	NA	NA	NA	NA	NA	NA	NA	NA	NA	NA	NA	NA	NA	NA	NA	NA	NA	 T_cell_prolymphocytic_leukaemia	27	28	24825865:NA	NA
leaked, tumor:6/26(0.231), normal:3/17(0.1763668430335097)	all	4	0.231	0	0.83	3	195508510	195508510	A	T	exonic	MUC4	nonsynonymous SNV	MUC4:NM_018406:exon2:c.T9941A:p.L3314H	18	.	.	0.0142	0.0476	GT:GQ:DP:AD:VF	0/1:85.2089161183:26:20,6:0.231	0/1:.:11:11,0:0.000	3_195508510_195508510_A_T	NA	NA	NA	NA	NA	NA	NA	NA	NA	NA	NA	NA	NA	NA	NA	NA	NA	NA	NA	NA	NA	NA	NA	NA	NA	NA	NA	NA	NA	 T_cell_prolymphocytic_leukaemia	17	18	24825865:NA	NA
leaked, tumor:31/85(0.365), normal:8/38(0.2104709287029729)	all	4	0.365	0	5.001	4	88537268	88537268	G	A	exonic	DSPP	nonsynonymous SNV	DSPP:NM_014208:exon5:c.G3454A:p.D1152N	15	not_provided	Benign	0.085	.	GT:GQ:DP:AD:VF	0/1:99.9990022999:85:54,31:0.365	0/1:.:33:33,0:0.000	4_88537268_88537268_G_A	NA	NA	NA	NA	NA	NA	NA	NA	NA	NA	NA	NA	NA	NA	NA	NA	NA	NA	NA	NA	NA	NA	NA	NA	NA	NA	NA	NA	NA	NA	NA	15	24825865	NA
leaked, tumor:46/180(0.256), normal:20/97(0.20616431295742707)	all	4	0.256	0	8.124	6	57393112	57393112	T	C	exonic	PRIM2	unknown	UNKNOWN	6	.	.	0.2825	0.1026	GT:GQ:DP:AD:VF	0/1:99.9999992484:180:134,46:0.256	0/1:.:82:82,0:0.000	6_57393112_57393112_T_C	NA	NA	NA	NA	NA	NA	NA	NA	NA	NA	NA	NA	NA	NA	NA	NA	NA	NA	NA	NA	NA	NA	NA	NA	NA	NA	NA	NA	NA	 plasma_cell_myeloma	5	6	29563506:NA	NA
leaked, tumor:56/91(0.615), normal:18/42(0.42846941204475125)	all	4	0.615	0	12.622	6	132030966	132030966	G	C	exonic	CTAGE9	nonsynonymous SNV	CTAGE9:NM_001145659:exon1:c.C1192G:p.L398V	10	.	.	0.3357	0.1878	GT:GQ:DP:AD:VF	0/1:100.0:91:35,56:0.615	0/1:.:42:42,0:0.000	6_132030966_132030966_G_C	NA	NA	NA	NA	NA	NA	NA	NA	NA	NA	NA	NA	NA	NA	NA	NA	NA	NA	NA	NA	NA	NA	NA	NA	NA	NA	NA	NA	NA	 T_cell_prolymphocytic_leukaemia	9	10	24825865:NA	NA
leaked, tumor:18/130(0.138), normal:7/46(0.15214083894805477)	all	4	0.138	0	2.37	7	100634922	100634922	G	A	exonic	MUC12	nonsynonymous SNV	MUC12:NM_001164462:exon2:c.G1078A:p.A360T	16	.	.	0.0308	0.1732	GT:GQ:DP:AD:VF	0/1:99.5734204812:130:112,18:0.138	0/1:.:45:45,0:0.000	7_100634922_100634922_G_A	NA	NA	NA	NA	NA	NA	NA	NA	NA	NA	NA	NA	NA	NA	NA	NA	NA	NA	NA	NA	NA	NA	NA	NA	NA	NA	NA	NA	NA	NA	NA	16	24825865	NA
leaked, tumor:53/54(0.981), normal:17/23(0.7388092133854846)	all	4	0.981	0	17.071	7	100639147	100639147	A	G	exonic	MUC12	nonsynonymous SNV	MUC12:NM_001164462:exon2:c.A5303G:p.E1768G	28	.	.	0.5802	0.4636	GT:GQ:DP:AD:VF	1/1:100.0:54:1,53:0.981	0/1:.:19:19,0:0.000	7_100639147_100639147_A_G	NA	NA	NA	NA	NA	NA	NA	NA	NA	NA	NA	NA	NA	NA	NA	NA	NA	NA	NA	NA	NA	NA	NA	NA	NA	NA	NA	NA	NA	 T_cell_prolymphocytic_leukaemia	27	28	24825865:NA	NA
leaked, tumor:50/50(1.000), normal:18/20(0.8995502248875562)	all	4	1	0	16.665	7	100639153	100639153	C	T	exonic	MUC12	nonsynonymous SNV	MUC12:NM_001164462:exon2:c.C5309T:p.T1770M	27	.	.	0.5899	0.4661	GT:GQ:DP:AD:VF	1/1:100.0:50:0,50:1.000	0/1:.:19:19,0:0.000	7_100639153_100639153_C_T	NA	NA	NA	NA	NA	NA	NA	NA	NA	NA	NA	NA	NA	NA	NA	NA	NA	NA	NA	NA	NA	NA	NA	NA	NA	NA	NA	NA	NA	 T_cell_prolymphocytic_leukaemia	25	27	24825865:NA	NA
leaked, tumor:51/51(1.000), normal:18/18(0.9994447529150471)	all	4	1	0	15.653	7	100639177	100639177	C	T	exonic	MUC12	nonsynonymous SNV	MUC12:NM_001164462:exon2:c.C5333T:p.S1778L	21	.	.	0.6001	0.4577	GT:GQ:DP:AD:VF	1/1:100.0:51:0,51:1.000	0/1:.:17:17,0:0.000	7_100639177_100639177_C_T	NA	NA	NA	NA	NA	NA	NA	NA	NA	NA	NA	NA	NA	NA	NA	NA	NA	NA	NA	NA	NA	NA	NA	NA	NA	NA	NA	NA	NA	NA	NA	21	24825865	NA
leaked, tumor:98/553(0.177), normal:30/241(0.12447616281482096)	all	4	0.177	0	17.422	7	100643832	100643832	C	G	exonic	MUC12	nonsynonymous SNV	MUC12:NM_001164462:exon2:c.C9988G:p.H3330D	12	.	.	0.2675	0.1054	GT:GQ:DP:AD:VF	0/1:100.0:553:455,98:0.177	0/1:.:256:256,0:0.000	7_100643832_100643832_C_G	NA	NA	NA	NA	NA	NA	NA	NA	NA	NA	NA	NA	NA	NA	NA	NA	NA	NA	NA	NA	NA	NA	NA	NA	NA	NA	NA	NA	NA	 T_cell_prolymphocytic_leukaemia	11	12	24825865:NA	NA
leaked, tumor:16/50(0.320), normal:10/52(0.19227071716977506)	all	4	0.32	0	1.313	7	143270001	143270001	C	T	exonic	CTAGE15	nonsynonymous SNV	CTAGE15:NM_001008747:exon1:c.C1091T:p.A364V	10	.	.	0.0752	0.2407	GT:GQ:DP:AD:VF	0/1:95.1359279431:50:34,16:0.320	0/1:.:10:10,0:0.000	7_143270001_143270001_C_T	NA	NA	NA	NA	NA	NA	NA	NA	NA	NA	NA	NA	NA	NA	NA	NA	NA	NA	NA	NA	NA	NA	NA	NA	NA	NA	NA	NA	NA	 T_cell_prolymphocytic_leukaemia	9	10	24825865:26648538	NA
leaked, tumor:21/46(0.457), normal:29/58(0.49991380796414414)	all	4	0.457	0	5.111	7	143416945	143416945	C	T	exonic	TCAF2	nonsynonymous SNV	TCAF2:NM_001130026:exon2:c.C301T:p.R101W,TCAF2:NM_001363538:exon3:c.C793T:p.R265W,TCAF2:NM_001365429:exon3:c.C793T:p.R265W,TCAF2:NM_001365430:exon3:c.C793T:p.R265W,TCAF2:NM_173678:exon3:c.C793T:p.R265W	23	.	.	0.2745	0.0215	GT:GQ:DP:AD:VF	0/1:99.9992255382:46:25,21:0.457	0/1:.:27:27,0:0.000	7_143416945_143416945_C_T	NA	NA	NA	NA	NA	NA	NA	NA	NA	NA	NA	NA	NA	NA	NA	NA	NA	NA	NA	NA	NA	NA	NA	NA	NA	NA	NA	NA	NA	NA	NA	23	24825865	NA
leaked, tumor:45/48(0.938), normal:41/61(0.6720209801671857)	all	4	0.938	0	15.434	7	143417083	143417083	T	C	exonic	TCAF2	nonsynonymous SNV	TCAF2:NM_001130026:exon2:c.T439C:p.C147R,TCAF2:NM_001365428:exon2:c.T88C:p.C30R,TCAF2:NM_001363538:exon3:c.T931C:p.C311R,TCAF2:NM_001365429:exon3:c.T931C:p.C311R,TCAF2:NM_001365430:exon3:c.T931C:p.C311R,TCAF2:NM_173678:exon3:c.T931C:p.C311R	31	.	.	0.4508	0.6034	GT:GQ:DP:AD:VF	1/1:100.0:48:3,45:0.938	0/1:.:24:24,0:0.000	7_143417083_143417083_T_C	NA	NA	NA	NA	NA	NA	NA	NA	NA	NA	NA	NA	NA	NA	NA	NA	NA	NA	NA	NA	NA	NA	NA	NA	NA	NA	NA	NA	NA	NA	NA	31	24825865	NA
leaked, tumor:45/104(0.433), normal:17/38(0.44725072349381745)	all	4	0.433	0	7.577	7	148525904	148525904	C	G	exonic	EZH2	nonsynonymous SNV	EZH2:NM_152998:exon5:c.G436C:p.D146H,EZH2:NM_001203247:exon6:c.G553C:p.D185H,EZH2:NM_001203248:exon6:c.G526C:p.D176H,EZH2:NM_001203249:exon6:c.G526C:p.D176H,EZH2:NM_004456:exon6:c.G553C:p.D185H	9	Weaver_syndrome|not_specified	Benign	0.0811	0.0781	GT:GQ:DP:AD:VF	0/1:99.9999973515:104:59,45:0.433	0/1:.:39:39,0:0.000	7_148525904_148525904_C_G	NA	NA	NA	NA	1	NA	NA	NA	NA	NA	NA	NA	NA	NA	NA	NA	NA	NA	NA	NA	NA	NA	NA	NA	NA	NA	NA	 myeloproliferative_neoplasm	1	 thrombocytosis	6	9	33791220:32943879:29148089	1
leaked, tumor:28/65(0.431), normal:14/31(0.45146726862302483)	all	4	0.431	0	6.893	8	12049320	12049320	C	A	exonic	FAM86B1	nonsynonymous SNV	FAM86B1:NM_001083537:exon2:c.G127T:p.D43Y	30	.	.	0.4267	0.0254	GT:GQ:DP:AD:VF	0/1:99.9999872062:65:37,28:0.431	0/1:.:39:39,0:0.000	8_12049320_12049320_C_A	NA	NA	NA	NA	NA	NA	NA	NA	NA	NA	NA	NA	NA	NA	NA	NA	NA	NA	NA	NA	NA	NA	NA	NA	NA	NA	NA	 primary_central_nervous_system_lymphoma	4	 T_cell_prolymphocytic_leukaemia	25	30	24825865:NA:24970810	NA
leaked, tumor:75/505(0.149), normal:63/395(0.1594896331738437)	all	4	0.149	0.033	6.958	8	144940331	144940331	C	T	exonic	EPPK1	nonsynonymous SNV	EPPK1:NM_031308:exon2:c.G7091A:p.R2364Q	15	.	.	0.2607	0.0099	GT:GQ:DP:AD:VF	0/1:99.9999889846:505:430,75:0.149	0/1:.:274:265,9:0.033	8_144940331_144940331_C_T	NA	NA	NA	NA	NA	NA	NA	NA	NA	NA	NA	NA	NA	NA	NA	NA	NA	NA	NA	NA	NA	NA	NA	NA	NA	 acute_myeloid_leukaemia	3	 primary_mediastinal_diffuse_large_B_cell_lymphoma	1	 T_cell_prolymphocytic_leukaemia	10	15	24825865:NA:24531327:26189108	NA
leaked, tumor:13/37(0.351), normal:28/63(0.4443739089033487)	all	4	0.351	0	1.668	9	70863777	70863777	G	T	exonic	CBWD3	nonsynonymous SNV	CBWD3:NM_001378115:exon3:c.G307T:p.D103Y,CBWD3:NM_001291821:exon4:c.G394T:p.D132Y,CBWD3:NM_001378113:exon4:c.G394T:p.D132Y,CBWD3:NM_001378114:exon4:c.G394T:p.D132Y,CBWD3:NM_001378116:exon4:c.G394T:p.D132Y,CBWD3:NM_001378117:exon4:c.G394T:p.D132Y,CBWD3:NM_201453:exon4:c.G394T:p.D132Y	21	.	.	0.4882	0.6632	GT:GQ:DP:AD:VF	0/1:97.8521695259:37:24,13:0.351	0/1:.:12:12,0:0.000	9_70863777_70863777_G_T	NA	NA	NA	NA	NA	NA	NA	NA	NA	NA	NA	NA	NA	NA	NA	NA	NA	NA	NA	NA	NA	NA	NA	NA	NA	NA	NA	NA	NA	NA	NA	21	24825865	NA
leaked, tumor:9/34(0.265), normal:9/26(0.3460207612456747)	all	4	0.265	0	1.062	10	47754794	47754794	C	T	exonic	ANXA8L1	nonsynonymous SNV	ANXA8L1:NM_001098845:exon5:c.C401T:p.A134V	17	.	.	0.2116	0.2242	GT:GQ:DP:AD:VF	0/1:91.3303812424:34:25,9:0.265	0/1:.:11:11,0:0.000	10_47754794_47754794_C_T	NA	NA	NA	NA	NA	NA	NA	NA	NA	NA	NA	NA	NA	NA	NA	NA	NA	NA	NA	NA	NA	NA	NA	NA	NA	NA	NA	NA	NA	NA	NA	17	24825865	NA
leaked, tumor:14/23(0.609), normal:11/16(0.6870705808869456)	all	4	0.609	0	6.727	12	52867094	52867094	C	T	exonic	KRT6C	nonsynonymous SNV	KRT6C:NM_173086:exon1:c.G428A:p.S143N	15	Palmoplantar_keratoderma,_nonepidermolytic,_focal_or_diffuse	Benign	0.1437	0.2048	GT:GQ:DP:AD:VF	0/1:99.9999812501:23:9,14:0.609	0/1:.:32:32,0:0.000	12_52867094_52867094_C_T	NA	NA	NA	NA	NA	NA	NA	NA	NA	NA	NA	NA	NA	NA	NA	NA	NA	NA	NA	NA	NA	NA	NA	NA	NA	NA	NA	NA	NA	NA	NA	15	24825865	NA
leaked, tumor:11/62(0.177), normal:10/51(0.19603999215840032)	all	4	0.177	0	2.649	15	34678911	34678911	C	G	exonic	GOLGA8A	nonsynonymous SNV	GOLGA8A:NM_181077:exon3:c.G200C:p.R67P,GOLGA8A:NM_001368072:exon11:c.G200C:p.R67P,GOLGA8A:NM_001368071:exon12:c.G200C:p.R67P	25	.	.	0.2743	0.2332	GT:GQ:DP:AD:VF	0/1:99.7756118076:62:51,11:0.177	0/1:.:46:46,0:0.000	15_34678911_34678911_C_G	NA	NA	NA	NA	NA	NA	NA	NA	NA	NA	NA	NA	NA	NA	NA	NA	NA	NA	NA	NA	NA	NA	NA	NA	NA	NA	NA	NA	NA	 T_cell_prolymphocytic_leukaemia	24	25	24825865:NA	NA
leaked, tumor:24/79(0.304), normal:26/67(0.38800179077749586)	all	4	0.304	0	4.768	16	70211226	70211226	T	C	exonic	CLEC18C	nonsynonymous SNV	CLEC18C:NM_173619:exon4:c.T299C:p.L100P	16	.	.	0.2782	0.1177	GT:GQ:DP:AD:VF	0/1:99.9982939176:79:55,24:0.304	0/1:.:40:40,0:0.000	16_70211226_70211226_T_C	NA	NA	NA	NA	NA	NA	NA	NA	NA	NA	NA	NA	NA	NA	NA	NA	NA	NA	NA	NA	NA	NA	NA	NA	NA	NA	NA	NA	NA	 T_cell_prolymphocytic_leukaemia	15	16	24825865:NA	NA
leaked, tumor:65/66(0.985), normal:26/35(0.742644958583262)	all	4	0.985	0	20.939	17	15443734	15443734	A	G	exonic	TVP23C	nonsynonymous SNV	TVP23C:NM_001135036:exon6:c.T604C:p.W202R	21	.	.	0.6135	0.3605	GT:GQ:DP:AD:VF	1/1:100.0:66:1,65:0.985	0/1:.:23:23,0:0.000	17_15443734_15443734_A_G	NA	NA	NA	NA	NA	NA	NA	NA	NA	NA	NA	NA	NA	NA	NA	NA	NA	NA	NA	NA	NA	NA	NA	NA	NA	NA	NA	NA	NA	 T_cell_prolymphocytic_leukaemia	20	21	24825865:NA	NA
leaked, tumor:65/66(0.985), normal:28/38(0.7366482504604052)	all	4	0.985	0	20.939	17	15443742	15443742	C	G	exonic	TVP23C	nonsynonymous SNV	TVP23C:NM_001135036:exon6:c.G596C:p.S199T	21	.	.	0.6137	0.3609	GT:GQ:DP:AD:VF	1/1:100.0:66:1,65:0.985	0/1:.:23:23,0:0.000	17_15443742_15443742_C_G	NA	NA	NA	NA	NA	NA	NA	NA	NA	NA	NA	NA	NA	NA	NA	NA	NA	NA	NA	NA	NA	NA	NA	NA	NA	NA	NA	NA	NA	 T_cell_prolymphocytic_leukaemia	20	21	24825865:NA	NA
leaked, tumor:24/111(0.216), normal:15/66(0.22723829722769276)	all	4	0.216	0.091	0.987	17	18653145	18653145	C	G	exonic	FBXW10	nonsynonymous SNV	FBXW10:NM_001267585:exon3:c.C781G:p.L261V,FBXW10:NM_001267586:exon3:c.C781G:p.L261V	9	.	.	0.2267	0.1778	GT:GQ:DP:AD:VF	0/1:89.6961387956:111:87,24:0.216	0/1:.:44:40,4:0.091	17_18653145_18653145_C_G	NA	NA	NA	NA	NA	NA	NA	NA	NA	NA	NA	NA	NA	NA	NA	NA	NA	NA	NA	NA	NA	NA	NA	NA	NA	NA	NA	NA	NA	 T_cell_prolymphocytic_leukaemia	6	9	24825865:NA	NA
leaked, tumor:9/59(0.153), normal:9/39(0.23071007433991286)	all	4	0.153	0	2.342	17	39197538	39197538	G	T	exonic	KRTAP1-1	nonsynonymous SNV	KRTAP1-1:NM_030967:exon1:c.C112A:p.R38S	16	.	.	0.2052	0.0103	GT:GQ:DP:AD:VF	0/1:99.5450119398:59:50,9:0.153	0/1:.:46:46,0:0.000	17_39197538_39197538_G_T	NA	NA	NA	NA	NA	NA	NA	NA	NA	NA	NA	NA	NA	NA	NA	NA	NA	NA	NA	NA	NA	NA	NA	NA	NA	NA	NA	NA	NA	NA	NA	16	24825865	NA
leaked, tumor:21/45(0.467), normal:26/56(0.4642028209248349)	all	4	0.467	0	5.619	17	39394755	39394755	C	A	exonic	KRTAP9-8	nonsynonymous SNV	KRTAP9-8:NM_031963:exon1:c.C452A:p.S151Y	34	.	.	0.6309	0.7681	GT:GQ:DP:AD:VF	0/1:99.9997595637:45:24,21:0.467	0/1:.:30:30,0:0.000	17_39394755_39394755_C_A	NA	NA	NA	NA	NA	NA	NA	NA	NA	NA	NA	NA	NA	NA	NA	NA	NA	NA	NA	NA	NA	NA	NA	NA	NA	NA	NA	NA	NA	 T_cell_prolymphocytic_leukaemia	32	34	24825865:NA	NA
leaked, tumor:30/120(0.250), normal:24/86(0.27903732124171604)	all	4	0.25	0	7.262	19	54745497	54745497	G	A	exonic	LILRA6;LILRB3	nonsynonymous SNV	LILRB3:NM_001081450:exon4:c.C613T:p.R205W,LILRB3:NM_001320960:exon4:c.C613T:p.R205W,LILRA6:NM_001360167:exon4:c.C613T:p.R205W,LILRB3:NM_006864:exon4:c.C613T:p.R205W,LILRA6:NM_024318:exon4:c.C604T:p.R202W	15	.	.	0.1727	0.0778	GT:GQ:DP:AD:VF	0/1:99.9999945298:120:90,30:0.250	0/1:.:81:81,0:0.000	19_54745497_54745497_G_A	NA	NA	NA	NA	NA	NA	NA	NA	NA	NA	NA	NA	NA	NA	NA	NA	NA	NA	NA	NA	NA	NA	NA	NA	NA	NA	NA	 chronic_myelomonocytic_leukaemia	1	 T_cell_prolymphocytic_leukaemia	11	15	24825865:NA:26648538	NA
leaked, tumor:36/73(0.493), normal:24/50(0.47990401919616077)	all	4	0.493	0	9.558	19	54746380	54746380	C	T	exonic	LILRA6;LILRB3	nonsynonymous SNV	LILRB3:NM_001081450:exon2:c.G61A:p.V21M,LILRB3:NM_001320960:exon2:c.G61A:p.V21M,LILRA6:NM_001360167:exon2:c.G61A:p.V21M,LILRB3:NM_006864:exon2:c.G61A:p.V21M,LILRA6:NM_024318:exon2:c.G61A:p.V21M	11	.	.	0.1897	0.2304	GT:GQ:DP:AD:VF	0/1:99.9999999723:73:37,36:0.493	0/1:.:46:46,0:0.000	19_54746380_54746380_C_T	NA	NA	NA	NA	NA	NA	NA	NA	NA	NA	NA	NA	NA	NA	NA	NA	NA	NA	NA	NA	NA	NA	NA	NA	NA	NA	NA	NA	NA	 T_cell_prolymphocytic_leukaemia	10	11	24825865:NA	NA
leaked, tumor:49/91(0.538), normal:34/50(0.6798640271945611)	all	4	0.538	0	10.066	20	18523002	18523002	C	G	exonic	SEC23B	nonsynonymous SNV	SEC23B:NM_001172745:exon13:c.C1467G:p.H489Q,SEC23B:NM_001172746:exon13:c.C1413G:p.H471Q,SEC23B:NM_006363:exon13:c.C1467G:p.H489Q,SEC23B:NM_032985:exon13:c.C1467G:p.H489Q,SEC23B:NM_032986:exon13:c.C1467G:p.H489Q	6	Congenital_dyserythropoietic_anemia,_type_II|Cowden_syndrome_7|not_specified|not_provided	Benign	0.1336	0.1283	GT:GQ:DP:AD:VF	0/1:99.9999999914:91:42,49:0.538	0/1:.:40:40,0:0.000	20_18523002_18523002_C_G	NA	NA	NA	NA	NA	NA	NA	NA	NA	NA	NA	NA	NA	NA	NA	NA	NA	NA	NA	NA	NA	NA	NA	NA	NA	NA	NA	NA	NA	 acute_myeloid_leukaemia	5	6	NA	NA
leaked, tumor:23/53(0.434), normal:22/36(0.6109414051652319)	all	4	0.434	0.039	7.662	X	140993945	140993945	T	C	exonic	MAGEC1	nonsynonymous SNV	MAGEC1:NM_005462:exon4:c.T755C:p.F252S	28	.	.	.	0.0787	GT:GQ:DP:AD:VF	0/1:99.9999978223:53:30,23:0.434	0/1:.:77:74,3:0.039	X_140993945_140993945_T_C	NA	NA	NA	NA	NA	NA	NA	NA	NA	NA	NA	NA	NA	NA	NA	NA	NA	NA	NA	NA	NA	NA	NA	NA	NA	NA	NA	NA	NA	NA	NA	28	24825865	NA
leaked, tumor:22/50(0.440), normal:20/34(0.5880623346074684)	all	4	0.44	0.038	7.785	X	140993947	140993947	T	C	exonic	MAGEC1	nonsynonymous SNV	MAGEC1:NM_005462:exon4:c.T757C:p.S253P	28	.	.	.	.	GT:GQ:DP:AD:VF	0/1:99.9999983594:50:28,22:0.440	0/1:.:79:76,3:0.038	X_140993947_140993947_T_C	NA	NA	NA	NA	NA	NA	NA	NA	NA	NA	NA	NA	NA	NA	NA	NA	NA	NA	NA	NA	NA	NA	NA	NA	NA	NA	NA	NA	NA	NA	NA	28	24825865	NA
leaked, tumor:3/46(0.065), normal:4/44(0.09088843444671665)	all	4	0.065	0	0.974	X	140994115	140994115	T	C	exonic	MAGEC1	nonsynonymous SNV	MAGEC1:NM_005462:exon4:c.T925C:p.S309P	9	.	.	.	0.0146	GT:GQ:DP:AD:VF	0/1:89.383044428:46:43,3:0.065	0/1:.:50:50,0:0.000	X_140994115_140994115_T_C	NA	NA	NA	NA	NA	NA	NA	NA	NA	NA	NA	NA	NA	NA	NA	NA	NA	NA	NA	NA	NA	NA	NA	NA	NA	NA	NA	NA	NA	 T_cell_prolymphocytic_leukaemia	8	9	24825865:23396385	NA
why only in somatic??, tumor:6/33(0.182), normal:0/23(0.000)	somatic	4	0.182	0	1.429	3	195507262	195507262	T	G	exonic	MUC4	nonsynonymous SNV	MUC4:NM_018406:exon2:c.A11189C:p.H3730P	27	.	.	0.0142	.	GT:GQ:DP:AD:VF	0/1:96.2760829375:33:27,6:0.182	0/1:.:23:23,0:0.000	3_195507262_195507262_T_G	NA	NA	NA	NA	NA	NA	NA	NA	NA	NA	NA	NA	NA	NA	NA	NA	NA	NA	NA	NA	NA	NA	NA	NA	NA	NA	NA	NA	NA	 T_cell_prolymphocytic_leukaemia	26	27	24825865:NA	NA
why only in somatic??, tumor:15/46(0.326), normal:1/13(0.077)	somatic	4	0.326	0.077	1.044	4	88537232	88537232	A	G	exonic	DSPP	nonsynonymous SNV	DSPP:NM_014208:exon5:c.A3418G:p.N1140D	35	not_provided	Benign	0.0119	.	GT:GQ:DP:AD:VF	0/1:90.9635052628:46:31,15:0.326	0/1:.:13:12,1:0.077	4_88537232_88537232_A_G	NA	NA	NA	NA	NA	NA	NA	NA	NA	NA	NA	NA	NA	NA	NA	NA	NA	NA	NA	NA	NA	NA	NA	NA	NA	NA	NA	NA	NA	NA	NA	35	24825865	NA
why only in somatic??, tumor:27/144(0.188), normal:1/57(0.018)	somatic	4	0.188	0.018	2.96	7	151927025	151927025	A	G	exonic	KMT2C	nonsynonymous SNV	KMT2C:NM_170606:exon18:c.T2959C:p.Y987H	7	Lung_cancer	Pathogenic	0.2598	0.4118	GT:GQ:DP:AD:VF	0/1:99.8903521804:144:117,27:0.188	0/1:.:57:56,1:0.018	7_151927025_151927025_A_G	NA	NA	NA	NA	1	NA	NA	NA	NA	NA	NA	NA	NA	NA	NA	NA	NA	NA	NA	NA	NA	NA	NA	NA	NA	NA	NA	NA	NA	 T_cell_prolymphocytic_leukaemia	6	7	24825865:25488972	1
why only in somatic??, tumor:19/180(0.106), normal:1/70(0.014)	somatic	4	0.106	0.014	1.761	7	151945225	151945225	T	C	exonic	KMT2C	nonsynonymous SNV	KMT2C:NM_170606:exon14:c.A2294G:p.E765G	25	.	.	0.0818	0.0032	GT:GQ:DP:AD:VF	0/1:98.2661960022:180:161,19:0.106	0/1:.:70:69,1:0.014	7_151945225_151945225_T_C	NA	NA	NA	NA	1	NA	NA	NA	NA	NA	NA	NA	NA	NA	NA	NA	NA	NA	NA	NA	NA	NA	NA	NA	NA	NA	NA	 chronic_myeloid_leukaemia	9	 T_cell_prolymphocytic_leukaemia	14	25	24825865:32943879	1
why only in somatic??, tumor:14/74(0.189), normal:0/19(0.000)	somatic	4	0.189	0	1.184	8	7673126	7673126	C	A	exonic	DEFB107A;DEFB107B	nonsynonymous SNV	DEFB107A:NM_001037668:exon1:c.G25T:p.V9F,DEFB107B:NM_001040705:exon1:c.G25T:p.V9F	24	not_provided	Benign	0.4517	0.4774	GT:GQ:DP:AD:VF	0/1:93.4536382593:74:60,14:0.189	0/1:.:19:19,0:0.000	8_7673126_7673126_C_A	NA	NA	NA	NA	NA	NA	NA	NA	NA	NA	NA	NA	NA	NA	NA	NA	NA	NA	NA	NA	NA	NA	NA	NA	NA	NA	NA	NA	NA	 T_cell_prolymphocytic_leukaemia	23	24	24825865:NA	NA
why only in somatic??, tumor:18/82(0.220), normal:3/35(0.086)	somatic	4	0.22	0.086	0.939	12	50745703	50745703	T	G	exonic	FAM186A	nonsynonymous SNV	FAM186A:NM_001145475:exon4:c.A4912C:p.T1638P	27	.	.	0.0903	.	GT:GQ:DP:AD:VF	0/1:88.4919961106:82:64,18:0.220	0/1:.:35:32,3:0.086	12_50745703_50745703_T_G	NA	NA	NA	NA	NA	NA	NA	NA	NA	NA	NA	NA	NA	NA	NA	NA	NA	NA	NA	NA	NA	NA	NA	NA	NA	NA	NA	NA	NA	NA	NA	27	24825865	NA
why only in somatic??, tumor:24/96(0.250), normal:3/32(0.094)	somatic	4	0.25	0.094	1.099	X	100749041	100749041	A	G	exonic	ARMCX4	nonsynonymous SNV	ARMCX4:NM_001256155:exon2:c.A5465G:p.E1822G	30	.	.	.	0.4566	GT:GQ:DP:AD:VF	0/1:92.0384064958:96:72,24:0.250	0/1:.:32:29,3:0.094	X_100749041_100749041_A_G	NA	NA	NA	NA	NA	NA	NA	NA	NA	NA	NA	NA	NA	NA	NA	NA	NA	NA	NA	NA	NA	NA	NA	NA	NA	NA	NA	NA	NA	 T_cell_prolymphocytic_leukaemia	29	30	24825865:26294725	NA
why only in somatic??, tumor:13/65(0.200), normal:1/31(0.032)	somatic	4	0.2	0.032	1.492	X	100749077	100749077	A	G	exonic	ARMCX4	nonsynonymous SNV	ARMCX4:NM_001256155:exon2:c.A5501G:p.E1834G	14	.	.	.	0.0374	GT:GQ:DP:AD:VF	0/1:96.7789312087:65:52,13:0.200	0/1:.:31:30,1:0.032	X_100749077_100749077_A_G	NA	NA	NA	NA	NA	NA	NA	NA	NA	NA	NA	NA	NA	NA	NA	NA	NA	NA	NA	NA	NA	NA	NA	NA	NA	NA	NA	NA	NA	NA	NA	14	24825865	NA
why only in somatic??, tumor:6/17(0.353), normal:0/11(0.000)	somatic	4	0.353	0	1.26	X	134967333	134967333	G	T	exonic	CT45A7	nonsynonymous SNV	CT45A7:NM_001291543:exon2:c.C164A:p.A55E	21	.	.	.	0.4708	GT:GQ:DP:AD:VF	0/1:94.5045912614:17:11,6:0.353	0/1:.:11:11,0:0.000	X_134967333_134967333_G_T	NA	NA	NA	NA	NA	NA	NA	NA	NA	NA	NA	NA	NA	NA	NA	NA	NA	NA	NA	NA	NA	NA	NA	NA	NA	NA	NA	NA	NA	NA	NA	21	24825865	NA
